{"cameraMode":{"drawMode":0,"name":"Shaded","section":"Shading Mode"},"sceneLighting":true,"audioPlay":false,"sceneViewState":{"m_AlwaysRefresh":true,"showFog":true,"showSkybox":true,"showFlares":true,"showImageEffects":true,"showParticleSystems":true,"showVisualEffectGraphs":true,"m_FxEnabled":true},"in2DMode":false,"pivot":{"x":39.401832580566409,"y":-30.546092987060548,"z":11.236339569091797},"rotation":{"x":0.5735329389572144,"y":0.0024536196142435076,"z":-0.0017188027268275619,"w":0.8191869258880615},"size":31.704072952270509,"orthographic":false}